2020-01-01,새해
2020-01-24,설날
2020-01-25,설날
2020-01-26,설날
2020-01-27,설날대체휴일
2020-03-01,삼일절
2020-04-15,국회의원선거
2020-04-30,부처님오신날
2020-05-05,어린이날
2020-06-06,현충일
2020-08-15,광복절
2020-08-17,임시공휴일
2020-09-30,추석
2020-10-01,추석
2020-10-02,추석
2020-10-03,개천절
2020-10-09,한글날
2020-12-25,크리스마스
2021-01-01,새해
2021-02-11,설날
2021-02-12,설날
2021-02-13,설날
2021-03-01,삼일절
2021-05-05,어린이날
2021-05-19,부처님오신날
2021-06-06,현충일
2021-08-15,광복절
2021-08-16,대체휴일
2021-09-20,추석
2021-09-21,추석
2021-09-22,추석
2021-10-03,개천절
2021-10-04,대체휴일
2021-10-09,한글날
2021-10-11,대체휴일
2021-12-25,크리스마스
2022-01-01,1월1일
2022-01-31,설날
2022-02-01,설날
2022-02-02,설날
2022-03-01,삼일절
2022-03-09,대통령선거일
2022-05-05,어린이날
2022-05-08,부처님오신날
2022-06-01,전국동시지방선거
2022-06-06,현충일
2022-08-15,광복절
2022-09-09,추석
2022-09-10,추석
2022-09-11,추석
2022-09-12,대체공휴일
2022-10-03,개천절
2022-10-09,한글날
2022-10-10,대체공휴일
2022-12-25,기독탄신일
